Sample,Heidi,Fritzy,Lily,ThorA,Cami,Urza,Charlie,Vito
sample_1,0.9925843234191851,0.0026803902648225584,0.0,5.327905973115387e-06,0.0002882291643571381,8.32570144034635e-05,0.000284401662655874,0.0026224594923667695
sample_2,0.4013761467889908,0.010375099760574621,0.0,0.0,0.0006149116064565719,0.016338028169014085,0.00043750911477322444,0.5387323943661971
sample_3,0.21923937360178972,0.07167235494880546,0.02531645569620253,0.0,0.0039011703511053317,0.10972568578553615,0.0005892751915144372,0.5938967136150235
sample_4,0.39705882352941174,0.1282051282051282,0.0,0.0,0.001375515818431912,0.09693877551020408,0.0,0.34065934065934067
sample_5,0.523696682464455,0.06962025316455696,0.0,0.0,0.0005633802816901409,0.025974025974025976,0.0,0.3816091954022989
sample_6,0.40189873417721517,0.38565022421524664,0.0,0.0,0.005342831700801425,0.0032679738562091504,0.0,0.1263537906137184
sample_7,0.625,0.14285714285714285,,0.0,0.0,0.0,0.0,0.16666666666666666
sample_8,0.28500823723228996,0.02968036529680365,0.007194244604316547,0.0,0.0008481764206955047,0.3269513991163476,0.0011645962732919255,0.3708838821490468
sample_9,0.4585987261146497,0.12149532710280374,0.0,0.0,0.0008271298593879239,0.07668711656441718,0.0032653061224489797,0.22784810126582278
sample_10,0.6571428571428571,0.020833333333333332,0.0,0.0,0.00110803324099723,0.02810304449648712,0.0011997600479904018,0.28809523809523807
sample_11,0.460431654676259,0.14563106796116504,0.0,0.0,0.0,0.0661764705882353,0.0018248175182481751,0.3958333333333333
sample_12,0.6210191082802548,0.21621621621621623,0.0,0.0,0.0014970059880239522,0.01892744479495268,0.0,0.15916955017301038
sample_13,0.20967741935483872,0.5833333333333334,0.0,0.0,0.00425531914893617,0.08571428571428572,0.0035587188612099642,0.1774193548387097
sample_14,0.38162544169611307,0.3783783783783784,0.0,0.0,0.0025,0.015060240963855422,0.000847457627118644,0.10367892976588629
sample_15,0.21712538226299694,0.6119096509240246,0.008264462809917356,0.0,0.0038109756097560975,0.017366136034732273,0.0,0.1733149931224209
sample_16,0.18181818181818182,0.35,0.0,0.0,0.0,0.045454545454545456,0.0,0.1794871794871795
sample_17,0.2116279069767442,0.6666666666666666,0.0,0.0,0.002201430930104568,0.008908685968819599,0.0,0.16166281755196305
sample_18,0.2727272727272727,0.5,0.0,0.0,0.0,0.0,0.0,0.0
sample_19,0.21348314606741572,0.546875,0.0,0.0,0.004901960784313725,0.11538461538461539,0.0,0.16842105263157894
sample_21,0.11764705882352941,0.4,0.0,0.0,0.0,0.0,0.0,0.2
sample_22,0.136431784107946,0.7987152034261242,0.0,0.0,0.0004106776180698152,0.006069802731411229,0.0007209805335255948,0.06772334293948126
sample_23,0.09970384995064166,0.7760989010989011,0.0,0.0,0.0011061946902654867,0.006263048016701462,0.0005031446540880503,0.09486607142857142
sample_24,0.03682170542635659,0.8923076923076924,0.0,0.0,0.0005060728744939271,0.011406844106463879,0.00042052144659377626,0.08256880733944955
sample_25,0.08333333333333333,0.8571428571428571,0.0,0.0,0.0,0.2,0.0196078431372549,0.0
sample_26,0.5,0.38,0.0,0.0,0.0032679738562091504,0.012048192771084338,0.002551020408163265,0.13829787234042554
sample_27,0.30405405405405406,0.4946236559139785,0.0,0.0,0.003787878787878788,0.011560693641618497,0.0,0.23129251700680273
sample_28,0.1400560224089636,0.7574671445639187,0.0,0.0,0.001401541695865452,0.006993006993006993,0.00021687269572760788,0.11009174311926606
sample_29,0.8333333333333334,0.0,0.0,0.0,0.014492753623188406,0.0,0.0,0.14285714285714285
sample_31,,,,,0.0,,0.0,0.0
sample_32,,,,,0.0,,,
sample_33,0.3333333333333333,,,,0.09090909090909091,,0.16666666666666666,0.5
sample_36,0.0,0.0,0.5131578947368421,0.0026302247126765393,0.0006426735218508997,0.0,0.0008532423208191126,0.0013351134846461949
sample_37,0.0,0.0008291873963515755,0.09740259740259741,0.005706134094151213,0.0015413070283600493,0.0,0.00028876696505919725,0.0006357279084551812
sample_38,0.0,0.0,0.25,0.0,0.0,0.0,0.0,0.0
sample_40,0.0,0.0026362038664323375,0.28125,0.0020657217313926144,0.0001597444089456869,0.0005980861244019139,0.0005813108559802354,0.0006305170239596469
sample_41,0.0012121212121212121,0.0,0.9005847953216374,0.0005348308597406071,0.0005535566011624688,0.0,0.00026041666666666666,0.0011534025374855825
sample_42,0.0,0.002652519893899204,0.2882882882882883,0.003123521060104117,0.00042069835927639884,0.0,0.00038182512409316535,0.0015408320493066256
sample_44,0.0,0.0,0.125,0.00434882124055848,0.0009551098376313276,0.0,0.0022497187851518562,0.00423728813559322
sample_46,,0.0,,,0.0,,0.0,
sample_47,0.0,0.0,0.6,0.0038356164383561643,0.015350877192982455,0.0,0.0,0.0
sample_48,,,,,0.0,,,
sample_49,0.0,0.0,0.0,0.0,0.021052631578947368,0.0,0.0,0.0
sample_50,,,,0.0,0.0,,,
sample_52,0.0,,,,0.0,0.0,0.3333333333333333,
sample_53,,,,0.0,,,0.0,
sample_54,,0.0,0.0,0.0,0.0,0.0,1.0,
sample_55,,,,,0.0,,,
sample_56,,,,0.0,0.0,0.0,0.14285714285714285,0.0
sample_57,0.0,0.0,,0.0,0.0,0.0,0.0,0.0
sample_59,0.0,0.07142857142857142,0.0,0.0,0.011764705882352941,0.0,0.07207207207207207,0.0
sample_60,0.0,0.3333333333333333,,0.0,0.0,0.0,0.0,
sample_61,0.0,0.0,0.0,0.0,0.03333333333333333,0.0,0.0,0.0
sample_62,,,,0.0,,,0.0,0.0
sample_63,,,,,0.0,,0.0,
sample_64,0.0,,,,0.0,0.0,0.0,0.0
sample_65,0.0,0.0,,0.0,0.0,0.0,0.037037037037037035,0.0
sample_66,0.0,,,0.0,0.0,,0.0,
sample_67,0.0,0.2,0.0,0.0,0.1111111111111111,0.0,0.0,0.0
sample_68,0.5,0.0,,0.0,0.07692307692307693,0.0,0.0,0.0
sample_69,0.023255813953488372,0.038461538461538464,0.1111111111111111,0.005813953488372093,0.022388059701492536,0.025,0.0,0.02702702702702703
sample_70,0.0,0.6,,0.013333333333333334,0.2,0.0,0.0,0.0
sample_71,,0.6666666666666666,0.0,0.0,0.07142857142857142,0.0,0.05555555555555555,0.0
sample_72,0.0,0.1111111111111111,0.2857142857142857,0.0,0.07317073170731707,0.0,0.07777777777777778,0.0
sample_73,0.0,0.0,0.16666666666666666,0.0014925373134328358,0.19480519480519481,0.0,0.0379746835443038,0.1875
sample_74,0.0,0.0,,0.0,0.875,0.0,0.0,0.0
sample_75,0.0,0.0,0.0,0.0,0.9527272727272728,0.0,0.003424657534246575,0.0
sample_76,0.0,0.0,,0.0,0.13333333333333333,0.0,0.0,
sample_77,0.0,0.017543859649122806,0.0,0.0,0.8943396226415095,0.0,0.03103448275862069,0.0
sample_78,0.0,,,0.0,0.6153846153846154,0.0,0.0,
sample_79,0.0,0.3333333333333333,,0.0,0.06,0.07142857142857142,0.21428571428571427,0.0
sample_80,,,,,1.0,,,
sample_81,0.0,0.6666666666666666,0.0,0.0,0.05405405405405406,0.0,0.027777777777777776,0.0
sample_82,,,,,0.0,0.0,0.0,0.0
